id	SKID	name	inf	maxlv	castMs	actDelayMs	walkDelayMs	dur1Ms	dur2Ms
1	NV_BASIC	Basic Skill	0	9					
2	SM_SWORD	Sword Mastery	0	10					
3	SM_TWOHAND	Two-Handed Sword Mastery	0	10					
4	SM_RECOVERY	Increase HP Recovery	0	10					
5	SM_BASH	Bash	1	10					
6	SM_PROVOKE	Provoke	1	10	0	0	0	30000	0
7	SM_MAGNUM	Magnum Break	4	10	0	0	0	2000	10000
8	SM_ENDURE	Endure	4	10	0	0	0	10000:13000:16000:19000:22000:25000:28000:31000:34000:37000	10000
9	MG_SRECOVERY	Increase SP Recovery	0	10					
10	MG_SIGHT	Sight	4	1	0	0	0	10000	0
11	MG_NAPALMBEAT	Napalm Beat	1	10	1000	1000:1000:1000:900:900:800:800:700:600:500	0	0	0
12	MG_SAFETYWALL	Safety Wall	2	10	4000:3500:3500:2500:2000:1500:1000:1000:1000:1000	0	0	5000:10000:15000:20000:25000:30000:35000:40000:45000:50000	0
13	MG_SOULSTRIKE	Soul Strike	1	10	500	1200:1000:1400:1200:1600:1400:1800:1600:2000:1800	0	0	0
14	MG_COLDBOLT	Cold Bolt	1	10	700:1400:2100:2800:3500:4200:4900:5600:6300:7000	1000:1200:1400:1600:1800:2000:2200:2400:2600:2800	0	0	0
15	MG_FROSTDIVER	Frost Diver	1	10	800	1500	0	0	3000:6000:9000:12000:15000:18000:21000:24000:27000:30000
16	MG_STONECURSE	Stone Curse	1	10	1000	0	0	5000	11000:12000:13000:14000:15000:16000:17000:18000:19000:20000
17	MG_FIREBALL	Fire Ball	1	10	1500:1500:1500:1500:1500:1000:1000:1000:1000:1000	1500:1500:1500:1500:1500:1000:1000:1000:1000:1000	0	0	0
18	MG_FIREWALL	Fire Wall	2	10	2000:1850:1700:1550:1400:1250:1100:950:800:650	0	0	5000:6000:7000:8000:9000:10000:11000:12000:13000:14000	0
19	MG_FIREBOLT	Fire Bolt	1	10	700:1400:2100:2800:3500:4200:4900:5600:6300:7000	1000:1200:1400:1600:1800:2000:2200:2400:2600:2800	0	0	0
20	MG_LIGHTNINGBOLT	Lightning Bolt	1	10	700:1400:2100:2800:3500:4200:4900:5600:6300:7000	1000:1200:1400:1600:1800:2000:2200:2400:2600:2800	0	0	0
21	MG_THUNDERSTORM	Thunderstorm	2	10	1000:2000:3000:4000:5000:6000:7000:8000:9000:10000	2000	0	500	0
22	AL_DP	Divine Protection	0	10					
23	AL_DEMONBANE	Demon Bane	0	10					
24	AL_RUWACH	Ruwach	4	1	0	0	0	10000	0
25	AL_PNEUMA	Pneuma	2	1	0	0	0	10000	0
26	AL_TELEPORT	Teleport	4	2	0	0	0	0	0
27	AL_WARP	Warp Portal	2	4	1000	0	0	5000:10000:15000:20000:25000:30000:35000:40000:45000:50000	0
28	AL_HEAL	Heal	16	10	0	1000	0	0	0
29	AL_INCAGI	Increase AGI	16	10	1000	1000	0	60000:80000:100000:120000:140000:160000:180000:200000:220000:240000	0
30	AL_DECAGI	Decrease AGI	1	10	1000	1000	0	40000:50000:60000:70000:80000:90000:100000:110000:120000:130000	0
31	AL_HOLYWATER	Aqua Benedicta	4	1	1000	500	0	0	0
32	AL_CRUCIS	Signum Crucis	4	10	500	2000	0	0	0
33	AL_ANGELUS	Angelus	4	10	500	3500	0	30000:60000:90000:120000:150000:180000:210000:240000:270000:300000	0
34	AL_BLESSING	Blessing	16	10	0	0	0	60000:80000:100000:120000:140000:160000:180000:200000:220000:240000	0
35	AL_CURE	Cure	16	1	0	1000	0	0	6000
36	MC_INCCARRY	Enlarge Weight Limit	0	10					
37	MC_DISCOUNT	Discount	0	10					
38	MC_OVERCHARGE	Overcharge	0	10					
39	MC_VENDING	Pushcart	0	10					
40	MC_IDENTIFY	Item Appraisal	4	1					
41	MC_VENDING	Vending	4	10					
42	MC_MAMMONITE	Mammonite	1	10					
43	AC_OWL	Owl's Eye	0	10					
44	AC_VULTURE	Vulture's Eye	0	10					
45	AC_CONCENTRATION	Improve Concentration	4	10	0	0	0	60000:80000:100000:120000:140000:160000:180000:200000:220000:240000	0
46	AC_DOUBLE	Double Strafe	1	10	0	0	0	100	0
47	AC_SHOWER	Arrow Shower	2	10	0	0	0	100	0
48	TF_DOUBLE	Double Attack	0	10					
49	TF_MISS	Improve Dodge	0	10					
50	TF_STEAL	Steal	1	10					
51	TF_HIDING	Hiding	4	10	0	0	0	30000:60000:90000:120000:150000:180000:210000:240000:270000:300000	0
52	TF_POISON	Envenom	1	10	0	0	0	0	15000:20000:25000:30000:35000:40000:45000:50000:55000:60000
53	TF_DETOXIFY	Detoxify	16	1					
54	ALL_RESURRECTION	Resurrection	16	4	6000:4000:2000:0	0:1000:2000:3000	0	0	0
55	KN_SPEARMASTERY	Spear Mastery	0	10					
56	KN_PIERCE	Pierce	1	10					
57	KN_BRANDISHSPEAR	Brandish Spear	1	10	700	0	0	0	0
58	KN_SPEARSTAB	Spear Stab	1	10					
59	KN_SPEARBOOMERANG	Spear Boomerang	1	5	0	1000	0	0	0
60	KN_TWOHANDQUICKEN	Twohand Quicken	4	10	0	0	0	30000:60000:90000:120000:150000:180000:210000:240000:270000:300000	0
61	KN_AUTOCOUNTER	Counter Attack	4	5	0	0	0	400:800:1200:1600:2000	0
62	KN_BOWLINGBASH	Bowling Bash	1	10	700	0	0	0	0
63	KN_RIDING	Peco Peco Riding	0	1					
64	KN_CAVALIERMASTERY	Cavalier Mastery	0	5					
65	PR_MACEMASTERY	Mace Mastery	0	10					
66	PR_IMPOSITIO	Impositio Manus	16	5	0	3000	0	60000	0
67	PR_SUFFRAGIUM	Suffragium	16	3	0	2000	0	30000:20000:10000	0
68	PR_ASPERSIO	Aspersio	16	5	0	2000	0	60000:90000:120000:150000:180000	0
69	PR_BENEDICTIO	B.S. Sacramenti	2	5	0	0	0	40000:80000:120000:160000:200000	0
70	PR_SANCTUARY	Sanctuary	2	10	5000	0	0	4000:7000:10000:13000:16000:19000:22000:25000:28000:31000	0
71	PR_SLOWPOISON	Slow Poison	16	4	0	0	0	10000:20000:30000:40000	0
72	PR_STRECOVERY	Status Recovery	16	1	0	2000	0	0	30000
73	PR_KYRIE	Kyrie Eleison	16	10	2000	2000	0	120000	0
74	PR_MAGNIFICAT	Magnificat	4	5	4000	2000	0	30000:45000:60000:75000:90000	0
75	PR_GLORIA	Gloria	4	5	0	2000	0	10000:15000:20000:25000:30000	0
76	PR_LEXDIVINA	Lex Divina	1	10	0	3000	0	30000:35000:40000:45000:50000:60000:60000:60000:60000:60000	0
77	PR_TURNUNDEAD	Turn Undead	1	10	1000	3000	0	0	0
78	PR_LEXAETERNA	Lex Aeterna	1	1	0	3000	0	600000	0
79	PR_MAGNUS	Magnus Exorcismus	2	10	15000	4000	0	5000:6000:7000:8000:9000:10000:11000:12000:13000:14000	0
80	WZ_FIREPILLAR	Fire Pillar	2	10	3000:2700:2400:2100:1800:1500:1200:900:600:300	1000	0	30000	0
81	WZ_SIGHTRASHER	Sightrasher	4	10	700	2000	0	500	0
83	WZ_METEOR	Meteor Storm	2	10	15000	2000:3000:3000:4000:4000:5000:5000:6000:6000:7000	0	500	5000
84	WZ_JUPITEL	Jupitel Thunder	1	10	2500:3000:3500:4000:4500:5000:5500:6000:6500:7000	0	0	0	0
85	WZ_VERMILION	Lord of Vermilion	2	10	15000:14500:14000:13500:13000:12500:12000:11500:11000:10500	5000	0	4000	5500:6000:6500:7000:7500:8000:8500:9000:9500:10000
86	WZ_WATERBALL	Water Ball	1	5	1000:2000:3000:4000:5000	0	0	0	0
87	WZ_ICEWALL	Ice Wall	2	10	0	0	0	5000:10000:15000:20000:25000:30000:35000:40000:45000:50000	0
88	WZ_FROSTNOVA	Frost Nova	4	10	5000:4700:4400:4100:3800:3500:3200:2900:2700:2500	1000	0	0	1500:3000:4500:6000:7500:9000:10500:12000:13500:15000
89	WZ_STORMGUST	Storm Gust	2	10	6000:7000:8000:9000:10000:11000:12000:13000:14000:15000	5000	0	4600	10000:11000:12000:13000:14000:15000:16000:17000:18000:19000
90	WZ_EARTHSPIKE	Earth Spike	1	5	1000:2000:3000:4000:5000	700	0	0	0
91	WZ_HEAVENDRIVE	Heaven's Drive	2	5	1000:2000:3000:4000:5000	700	0	500	0
92	WZ_QUAGMIRE	Quagmire	2	5	0	1000	0	5000:10000:15000:20000:25000	5000:10000:15000:20000:25000
93	WZ_ESTIMATION	Sense	1	1					
94	BS_IRON	Iron Tempering	0	5					
95	BS_STEEL	Steel Tempering	0	5					
96	BS_ENCHANTEDSTONE	Enchanted Stone Craft	0	5					
97	BS_ORIDEOCON	Oridecon Research	0	5					
98	BS_DAGGER	Smith Dagger	0	3					
99	BS_SWORD	Smith Sword	0	3					
100	BS_TWOHANDSWORD	Smith Two-handed Sword	0	3					
101	BS_AXE	Smith Axe	0	3					
102	BS_MACE	Smith Mace	0	3					
103	BS_KNUCKLE	Smith Knucklebrace	0	3					
104	BS_SPEAR	Smith Spear	0	3					
105	BS_HILTBINDING	Hilt Binding	0	1					
106	BS_FINDINGORE	Ore Discovery	0	1					
107	BS_WEAPONRESEARCH	Weaponry Research	0	10					
108	BS_REPAIRWEAPON	Weapon Repair	16	1	7500	0	0	0	0
109	BS_SKINTEMPER	Skin Tempering	0	5					
110	BS_HAMMERFALL	Hammer Fall	2	5	0	0	0	0	5000
111	BS_ADRENALINE	Adrenaline Rush	4	5	0	0	0	30000:60000:90000:120000:150000	0
112	BS_WEAPONPERFECT	Weapon Perfection	4	5	0	0	0	10000:20000:30000:40000:50000	0
113	BS_OVERTHRUST	Power-Thrust	4	5	0	0	0	20000:40000:60000:80000:100000	0
114	BS_MAXIMIZE	Maximize Power	4	5	0	0	0	1000:2000:3000:4000:5000	0
115	HT_SKIDTRAP	Skid Trap	2	5	0	0	0	300000:240000:180000:120000:60000	0
116	HT_LANDMINE	Land Mine	2	5	0	0	0	200000:160000:120000:80000:40000	5000
117	HT_ANKLESNARE	Ankle Snare	2	5	0	0	0	250000:200000:150000:100000:50000	4000:8000:12000:16000:20000
118	HT_SHOCKWAVE	Shockwave Trap	2	5	0	0	0	200000:160000:120000:80000:40000	0
119	HT_SANDMAN	Sandman	2	5	0	0	0	150000:120000:90000:60000:30000	12000:14000:16000:18000:20000
120	HT_FLASHER	Flasher	2	5	0	0	0	150000:120000:90000:60000:30000	10000:11000:12000:13000:14000
121	HT_FREEZINGTRAP	Freezing Trap	2	5	0	0	0	150000:120000:90000:60000:30000	3000:6000:9000:12000:15000
122	HT_BLASTMINE	Blast Mine	2	5	0	0	0	25000:20000:15000:10000:5000	0
123	HT_CLAYMORETRAP	Claymore Trap	2	5	0	0	0	20000:40000:60000:80000:100000	0
124	HT_REMOVETRAP	Remove Trap	32	1					
125	HT_TALKIEBOX	Talkie Box	2	1	0	0	0	600000	0
126	HT_BEASTBANE	Beast Bane	0	10					
127	HT_FALCON	Falconry Mastery	0	1					
128	HT_STEELCROW	Steel Crow	0	10					
129	HT_BLITZBEAT	Blitz Beat	1	5	1500	1000	0	0	0
130	HT_DETECTING	Detect	2	4					
131	HT_SPRINGTRAP	Spring Trap	32	5					
132	AS_RIGHT	Righthand Mastery	0	5					
133	AS_LEFT	Lefthand Mastery	0	5					
134	AS_KATAR	Katar Mastery	0	10					
135	AS_CLOAKING	Cloaking	4	10	0	0	0	500:1000:2000:3000:4000:5000:6000:7000:8000:9000	0
136	AS_SONICBLOW	Sonic Blow	1	10	0	2000	2000	0	5000
137			1	5	0	0	0	0	1000
138	AS_ENCHANTPOISON	Enchant Poison	16	10	0	0	0	30000:45000:60000:75000:90000:105000:120000:135000:150000:165000	10000:20000:30000:40000:50000:60000:70000:80000:90000:100000
139	AS_POISONREACT	Poison React	4	10	0	0	0	20000:25000:30000:35000:40000:45000:50000:55000:60000:65000	0
140	AS_VENOMDUST	Venom Dust	2	10	0	0	0	5000:10000:15000:20000:25000:30000:35000:40000:45000:50000	15000:20000:25000:30000:35000:40000:45000:50000:55000:60000
141	AS_SPLASHER	Venom Splasher	1	10	1000	0	0	5000:5500:6000:6500:7000:7500:8000:8500:9000:9500	15000:20000:25000:30000:35000:40000:45000:50000:55000:60000
142	NV_FIRSTAID	First Aid	4	1					
143	NV_TRICKDEAD	Play Dead	4	1	0	0	0	600000	0
144	SM_MOVINGRECOVERY	Moving HP-Recovery	0	1					
145	SM_FATALBLOW	Fatal Blow	0	1	0	0	0	0	5000
146	SM_AUTOBERSERK	Auto Berserk	4	1					
147	AC_MAKINGARROW	Arrow Crafting	4	1					
148	AC_CHARGEARROW	Arrow Repel	1	1	1500	0	0	0	0
149	TF_SPRINKLESAND	Sand Attack	1	1	0	0	0	0	10000
150	TF_BACKSLIDING	Back Slide	4	1					
151	TF_PICKSTONE	Find Stone	4	1	500	0	0	0	0
152	TF_THROWSTONE	Stone Fling	1	1	0	0	0	5000	8000
153	MC_CARTREVOLUTION	Cart Revolution	1	1					
154	MC_CHANGECART	Change Cart	4	1					
155	MC_LOUD	Crazy Uproar	4	1	0	0	0	300000	0
156	AL_HOLYLIGHT	Holy Light	1	1	2000	0	0	0	0
157	MG_ENERGYCOAT	Energy Coat	4	1	5000	0	0	300000	0
158	NPC_PIERCINGATT	Piercing Attack	1	10					
159	NPC_MENTALBREAKER	Spirit Destruction	1	5					
160	NPC_RANGEATTACK	Stand off attack	1	10					
161	NPC_ATTRICHANGE	Attribute Change	4	1	0	0	0	1800000	0
162	NPC_CHANGEWATER	Water Attribute Change	4	1	0	0	0	1800000	0
163	NPC_CHANGEGROUND	Earth Attribute Change	4	1	0	0	0	1800000	0
164	NPC_CHANGEFIRE	Fire Attribute Change	4	1	0	0	0	1800000	0
165	NPC_CHANGEWIND	Wind Attribute Change	4	1	0	0	0	1800000	0
166	NPC_CHANGEPOISON	Poison Attribute Change	4	1	0	0	0	1800000	0
167	NPC_CHANGEHOLY	Holy Attribute Change	4	1	0	0	0	1800000	0
168	NPC_CHANGEDARKNESS	Shadow Attribute Change	4	1	0	0	0	1800000	0
169	NPC_CHANGETELEKINESIS	Ghost Attribute Change	4	1	0	0	0	1800000	0
170	NPC_CRITICALSLASH	Defense disregard attack	1	10					
171	NPC_COMBOATTACK	Multi-stage Attack	1	10					
172	NPC_GUIDEDATTACK	Guided Attack	1	10					
173	NPC_SELFDESTRUCTION	Suicide bombing	4	10	0	0	0	3500	0
174	NPC_SPLASHATTACK	Splash attack	1	1					
175	NPC_SUICIDE	Suicide	4	10					
176	NPC_POISON	Poison Attack	1	5	0	0	0	0	15000:20000:25000:30000:35000:40000:45000:50000:55000:60000
177	NPC_BLINDATTACK	Blind Attack	1	5	0	0	0	0	10000:11000:12000:13000:14000:15000:16000:17000:18000:19000
178	NPC_SILENCEATTACK	Silence Attack	1	5	0	0	0	0	10000:12000:14000:16000:18000:20000:22000:24000:26000:28000
179	NPC_STUNATTACK	Stun Attack	1	5	0	0	0	0	5000
180	NPC_PETRIFYATTACK	Petrify Attack	1	5	0	0	0	5000	10000:11000:12000:13000:14000:15000:16000:17000:18000:19000
181	NPC_CURSEATTACK	Curse Attack	1	5	0	0	0	0	15000:20000:25000:30000:35000:40000:45000:50000:55000:60000
182	NPC_SLEEPATTACK	Sleep attack	1	5	0	0	0	0	8000:10000:12000:14000:16000:18000:20000:22000:24000:26000
183	NPC_RANDOMATTACK	Random Attack	1	10					
184	NPC_WATERATTACK	Water Attribute Attack	1	10					
185	NPC_GROUNDATTACK	Earth Attribute Attack	1	10					
186	NPC_FIREATTACK	Fire Attribute Attack	1	10					
187	NPC_WINDATTACK	Wind Attribute Attack	1	10					
188	NPC_POISONATTACK	Poison Attribute Attack	1	10					
189	NPC_HOLYATTACK	Holy Attribute Attack	1	10					
190	NPC_DARKNESSATTACK	Shadow Attribute Attack	1	10					
191	NPC_TELEKINESISATTACK	Ghost Attribute Attack	1	10					
192	NPC_MAGICALATTACK	Demon Shock Attack	1	10	0	0	0	15000	0
193	NPC_METAMORPHOSIS	Metamorphosis	4	10					
194	NPC_PROVOCATION	Provocation	4	10					
195	NPC_SMOKING	Smoking	4	10					
196	NPC_SUMMONSLAVE	Follower Summons	4	10					
197	NPC_EMOTION	Emotion	4	10					
198	NPC_TRANSFORMATION	Transformation	4	10					
199	NPC_BLOODDRAIN	Sucking Blood	1	1					
200	NPC_ENERGYDRAIN	Energy Drain	1	1					
201	NPC_KEEPING	Keeping	4	1	0	0	0	60000:70000:80000:90000:100000:110000:120000:130000:140000:150000	0
202	NPC_DARKBREATH	Dark Breath	1	5					
203	NPC_DARKBLESSING	Dark Blessing	1	10					
204	NPC_BARRIER	Barrier	4	1	0	0	0	60000:70000:80000:90000:100000:110000:120000:130000:140000:150000	0
205	NPC_DEFENDER	Defender	4	1					
206	NPC_LICK	Lick	1	5	0	0	0	0	3000
207	NPC_HALLUCINATION	Hallucination	1	10	0	0	0	30000:40000:50000:60000:70000:80000:90000:100000:110000:120000	0
208	NPC_REBIRTH	Rebirth	4	1					
209	NPC_SUMMONMONSTER	Monster Summons	4	10					
210	RG_SNATCHER	Gank	0	10					
211	RG_STEALCOIN	Mug	1	10					
212	RG_BACKSTAP	Back Stab	1	10	0	500	0	0	0
213	RG_TUNNELDRIVE	Stalk	0	5					
214	RG_RAID	Sightless Mind	4	5	0	0	0	5000	8000:9000:10000:11000:12000
215	RG_STRIPWEAPON	Divest Weapon	1	5	1000	1000	0	75000:90000:105000:120000:135000	0
216	RG_STRIPSHIELD	Divest Shield	1	5	1000	1000	0	75000:90000:105000:120000:135000	0
217	RG_STRIPARMOR	Divest Armor	1	5	1000	1000	0	75000:90000:105000:120000:135000	0
218	RG_STRIPHELM	Divest Helm	1	5	1000	1000	0	75000:90000:105000:120000:135000	0
219	RG_INTIMIDATE	Snatch	1	5					
220	RG_GRAFFITI	Scribble	2	1	0	0	0	180000	0
221	RG_FLAGGRAFFITI	Piece	2	5					
222	RG_CLEANER	Remover	2	1					
223	RG_GANGSTER	Slyness	0	1					
224	RG_COMPULSION	Haggle	0	5					
225	RG_PLAGIARISM	Intimidate	0	10					
226	AM_AXEMASTERY	Axe Mastery	0	10					
227	AM_LEARNINGPOTION	Potion Research	0	10					
228	AM_PHARMACY	Prepare Potion	4	10					
229	AM_DEMONSTRATION	Bomb	2	5	1000	0	0	40000:45000:50000:55000:60000	0
230	AM_ACIDTERROR	Acid Terror	1	5	1000	0	0	3:7:10:12:13	120000
231	AM_POTIONPITCHER	Aid Potion	16	5	0	500	0	0	0
232	AM_CANNIBALIZE	Summon Flora	2	5	2000	500	0	300000:240000:180000:120000:60000	0
233	AM_SPHEREMINE	Summon Marine Sphere	2	5	2000	500	0	40000:50000:60000:70000:80000	0
234	AM_CP_WEAPON	Alchemical Weapon	16	5	2000	0	0	120000:240000:360000:480000:600000	0
235	AM_CP_SHIELD	Synthesized Shield	16	5	2000	0	0	120000:240000:360000:480000:600000	0
236	AM_CP_ARMOR	Synthetic Armor	16	5	2000	0	0	120000:240000:360000:480000:600000	0
237	AM_CP_HELM	Biochemical Helm	16	5	2000	0	0	120000:240000:360000:480000:600000	0
238	AM_BIOETHICS	Bioethics	0	1					
243	AM_CALLHOMUN	Call Homunculus	4	1					
244	AM_REST	Vaporize	4	1					
247	AM_RESURRECTHOMUN	Homunculus Resurrection	4	5	2000	0	0	0	0
248	CR_TRUST	Faith	0	10					
249	CR_AUTOGUARD	Guard	4	10	0	0	0	300000	0
250	CR_SHIELDCHARGE	Smite	1	5	0	0	0	0	5000
251	CR_SHIELDBOOMERANG	Shield Boomerang	1	5	0	700	0	0	0
252	CR_REFLECTSHIELD	Shield Reflect	4	10	0	0	0	300000	0
253	CR_HOLYCROSS	Holy Cross	1	10	0	0	0	0	10000:11000:12000:13000:14000:15000:16000:17000:18000:19000
254	CR_GRANDCROSS	Grand Cross	4	10	2000	1500	900	900	10000:11000:12000:13000:14000:15000:16000:17000:18000:19000
255	CR_DEVOTION	Sacrifice	16	5	3000	0	0	0	30000:45000:60000:75000:90000
256	CR_PROVIDENCE	Resistant Souls	16	5	3000	0	0	180000	0
257	CR_DEFENDER	Defending Aura	4	5	0	800	0	180000	0
258	CR_SPEARQUICKEN	Spear Quicken	4	10	0	0	0	30000:60000:90000:120000:150000:180000:210000:240000:270000:300000	0
259	MO_IRONHAND	Iron Fists	0	10					
260	MO_SPIRITSRECOVERY	Spiritual Cadence	0	5					
261	MO_CALLSPIRITS	Summon Spirit Sphere	4	5	1000	0	0	600000	0
262	MO_ABSORBSPIRITS	Absorb Spirit Sphere	16	1	2000	0	0	0	0
263	MO_TRIPLEATTACK	Raging Trifecta Blow	0	10	0	1000	0	0	0
264	MO_BODYRELOCATION	Snap	2	1					
265	MO_DODGE	Dodge	0	10					
266	MO_INVESTIGATE	Occult Impaction	1	5	1000	500	0	0	0
267	MO_FINGEROFFENSIVE	Throw Spirit Sphere	1	5	1000	500	0:200:400:600:800	0	0
268	MO_STEELBODY	Mental Strength	4	5	5000	0	0	30000:60000:90000:120000:150000	0
269	MO_BLADESTOP	Root	4	5	0	0	0	500:700:900:1100:1300	20000:30000:40000:50000:60000
270	MO_EXPLOSIONSPIRITS	Fury	4	5	0	0	0	180000	0
271	MO_EXTREMITYFIST	Asura Strike	1	5	4000:3500:3000:2500:2000	3000:2500:2000:1500:1000	0	0	300000
272	MO_CHAINCOMBO	Raging Quadruple Blow	4	5	0	1000	0	0	0
273	MO_COMBOFINISH	Raging Thrust	4	5	0	700	0	0	0
274	SA_ADVANCEDBOOK	Study	0	10					
275	SA_CASTCANCEL	Cast Cancel	4	5					
276	SA_MAGICROD	Magic Rod	4	5	0	0	0	400:600:800:1000:1200	0
277	SA_SPELLBREAKER	Spell Breaker	1	5	700	0	0	0	0
278	SA_FREECAST	Free Cast	0	10					
279	SA_AUTOSPELL	Hindsight	4	10	3000	0	0	120000:150000:180000:210000:240000:270000:300000:330000:360000:390000	0
280	SA_FLAMELAUNCHER	Endow Blaze	16	5	3000	0	0	1200000:1200000:1200000:1200000:1800000	0
281	SA_FROSTWEAPON	Endow Tsunami	16	5	3000	0	0	1200000:1200000:1200000:1200000:1800000	0
282	SA_LIGHTNINGLOADER	Endow Tornado	16	5	3000	0	0	1200000:1200000:1200000:1200000:1800000	0
283	SA_SEISMICWEAPON	Endow Quake	16	5	3000	0	0	1200000:1200000:1200000:1200000:1800000	0
284	SA_DRAGONOLOGY	Dragonology	0	5					
285	SA_VOLCANO	Volcano	2	5	5000	0	0	60000:120000:180000:240000:300000	0
286	SA_DELUGE	Deluge	2	5	5000	0	0	60000:120000:180000:240000:300000	0
287	SA_VIOLENTGALE	Whirlwind	2	5	5000	0	0	60000:120000:180000:240000:300000	0
288	SA_LANDPROTECTOR	Magnetic Earth	2	5	5000	0	0	165000:210000:255000:300000:345000	0
289	SA_DISPELL	Dispell	1	5	2000	0	0	0	0
290	SA_ABRACADABRA	Hocus-pocus	4	10					
291	SA_MONOCELL	Monocell	1	1					
292	SA_CLASSCHANGE	Class Change	1	1					
293	SA_SUMMONMONSTER	Monster Chant	4	1					
294	SA_REVERSEORCISH	Grampus Morph	4	1	0	0	0	1200000	0
295	SA_DEATH	Grim Reaper	1	1					
296	SA_FORTUNE	Gold Digger	1	1					
297	SA_TAMINGMONSTER	Beastly Hypnosis	1	1					
298	SA_QUESTION	Questioning	4	1					
299	SA_GRAVITY	Gravity	4	1					
300	SA_LEVELUP	Leveling	4	1					
301	SA_INSTANTDEATH	Suicide	4	1					
302	SA_FULLRECOVERY	Rejuvenation	4	1					
303	SA_COMA	Coma	4	1					
304	BD_ADAPTATION	Amp	4	1	0	0	0	0	5000
305	BD_ENCORE	Encore	4	1					
306	BD_LULLABY	Lullaby	4	1	0	0	0	60000	15000
307	BD_RICHMANKIM	Mental Sensing	4	5	0	0	0	60000	60000
308	BD_ETERNALCHAOS	Down Tempo	4	1	0	0	0	60000	60000
309	BD_DRUMBATTLEFIELD	Battle Theme	4	5	0	0	0	60000	60000
310	BD_RINGNIBELUNGEN	Harmonic Lick	4	5	0	0	0	60000	60000
311	BD_ROKISWEIL	Classical Pluck	4	1	0	0	0	60000	60000
312	BD_INTOABYSS	Power Chord	4	1	0	0	0	60000	60000
313	BD_SIEGFRIED	Acoustic Rhythm	4	5	0	0	0	60000	60000
315	BA_MUSICALLESSON	Music Lessons	0	10					
316	BA_MUSICALSTRIKE	Melody Strike	1	5	1500	0	0	0	0
317	BA_DISSONANCE	Unchained Serenade	4	5	0	0	0	30000	3000
318	BA_FROSTJOKE	Unbarring Octave	4	5	0	3000	0	0	10000:11000:12000:13000:14000
319	BA_WHISTLE	Perfect Tablature	4	10	0	0	0	60000	20000
320	BA_ASSASSINCROSS	Impressive Riff	4	10	0	0	0	120000	20000
321	BA_POEMBRAGI	Magic Strings	4	10	0	0	0	180000	20000
322	BA_APPLEIDUN	Song of Lutie	4	10	0	0	0	180000	20000
323	DC_DANCINGLESSON	Dance Lessons	0	10					
324	DC_THROWARROW	Slinging Arrow	1	5	1500	0	0	0	0
325	DC_UGLYDANCE	Hip Shaker	4	5	0	0	0	30000	3000
326	DC_SCREAM	Dazzler	4	5	0	3000	0	0	5000
327	DC_HUMMING	Focus Ballet	4	10	0	0	0	60000	20000
328	DC_DONTFORGETME	Slow Grace	4	10	0	0	0	180000	20000
329	DC_FORTUNEKISS	Lady Luck	4	10	0	0	0	120000	20000
330	DC_SERVICEFORYOU	Gypsy's Kiss	4	10	0	0	0	180000	20000
331	NPC_RANDOMMOVE	Random Move	4	10					
332	NPC_SPEEDUP	Speed UP	4	10					
333	NPC_REVENGE	Revenge	4	1					
334	WE_MALE	I Will Protect You	4	1	3000	0	0	0	0
335	WE_FEMALE	I Look up to You	4	1	3000	0	0	0	0
336	WE_CALLPARTNER	I miss You	4	1	0	0	0	20000	0
337	ITM_TOMAHAWK	Throw Tomahawk	1	1					
338	NPC_DARKCROSS	Cross of Darkness	1	10					
339	NPC_GRANDDARKNESS	Grand cross of Darkness	4	10	2000	1500	900	900	10000:11000:12000:13000:14000:15000:16000:17000:18000:19000
340	NPC_DARKSTRIKE	Soul Strike of Darkness	1	10					
341	NPC_DARKTHUNDER	Darkness Jupitel	1	10					
342	NPC_STOP	Stop	1	1	0	0	0	10000	0
343	NPC_WEAPONBRAKER	Break weapon	1	10					
344	NPC_ARMORBRAKE	Break armor	1	10					
345	NPC_HELMBRAKE	Break helm	1	10					
346	NPC_SHIELDBRAKE	Break shield	1	10					
347	NPC_UNDEADATTACK	Undead Element Attack	1	10					
348	NPC_CHANGEUNDEAD	Undead Attribute Change	1	5	0	0	0	30000	0
349	NPC_POWERUP	Power Up	4	10	0	0	0	10000:15000:20000:25000:30000	0
350	NPC_AGIUP	Agility UP	4	10	0	0	0	10000:15000:20000:25000:30000	0
351	NPC_SIEGEMODE	Siege Mode	0	1					
352	NPC_CALLSLAVE	Recall Slaves	4	1					
353	NPC_INVISIBLE	Invisible	0	1	0	0	0	30000	0
354	NPC_RUN	Run	4	20	0	0:500:1000:1500:2000:2500	0	0	0
355	LK_AURABLADE	Aura Blade	4	5	0	0	0	40000:60000:80000:100000:120000	0
356	LK_PARRYING	Parrying	4	10	0	0	0	15000:20000:25000:30000:35000:40000:45000:50000:55000:60000	0
357	LK_CONCENTRATION	Concentration	4	5	0	0	0	25000:30000:35000:40000:45000	0
358	LK_TENSIONRELAX	Relax	4	1	0	0	0	180000	0
359	LK_BERSERK	Frenzy	4	1	0	0	0	300000	15000
361	HP_ASSUMPTIO	Assumptio	16	5	1000:1500:2000:2500:3000	1100:1200:1300:1400:1500	0	20000:40000:60000:80000:100000	0
362	HP_BASILICA	Basilica	4	5	5000:6000:7000:8000:9000	2000:3000:4000:5000:6000	0	20000:25000:30000:35000:40000	20000:25000:30000:35000:40000
363	HP_MEDITATIO	Meditatio	0	10					
364	HW_SOULDRAIN	Soul Drain	0	10					
365	HW_MAGICCRASHER	Stave Crasher	1	1	300	300	0	0	0
366	HW_MAGICPOWER	Mystical Amplification	4	10	700	0	0	30000	0
367	PA_PRESSURE	Gloria Domini	1	5	2000:2500:3000:3500:4000	2000:2500:3000:3500:4000	0	0	2000:3000:4000:5000:6000
368	PA_SACRIFICE	 Martyr's Reckoning	4	5	0	2000	0	0	0
369	PA_GOSPEL	Battle Chant	4	10	0	0	0	60000	60000
370	CH_PALMSTRIKE	Raging Palm Strike	1	5	0	300	0	0	0
371	CH_TIGERFIST	Glacier Fist	4	5	0	700	0	0	2000:4000:6000:8000:10000
372	CH_CHAINCRUSH	Chain Crush Combo	4	10	0	800:800:800:800:800:1000:1000:1000:1000:1000	0	0	0
373	PF_HPCONVERSION	Indulge	4	5	0	1000:1200:1400:1600:1800	0	0	0
374	PF_SOULCHANGE	Soul Exhale	1	1	3000	5000	0	0	0
375	PF_SOULBURN	Soul Siphon	1	5	0	0	0	0	0
376	ASC_KATAR	Advanced Katar Mastery	0	5					
378	ASC_EDP	Enchant Deadly Poison	4	5	0	2000	0	40000:45000:50000:55000:60000	20000:30000:40000:50000:60000
379	ASC_BREAKER	Soul Destroyer	1	10	700	1000:1200:1400:1600:1800:2000:2200:2400:2600:2800	0	0	0
380	SN_SIGHT	Falcon Eyes	4	10	0	0	0	30000	0
381	SN_FALCONASSAULT	Falcon Assault	1	5	1000	3000	0	0	0
382	SN_SHARPSHOOTING	Focused Arrow Strike	1	5	2000	1500	0	0	0
383	SN_WINDWALK	Wind Walker	4	10	2000:2400:2800:3200:3600:4000:4400:4800:5200:5600	2000	0	130000:160000:190000:220000:250000:280000:310000:340000:370000:400000	0
384	WS_MELTDOWN	Shattering Strike	4	10	500:500:600:600:700:700:800:800:900:1000	0	0	15000:20000:25000:30000:35000:40000:45000:50000:55000:60000	5000
387	WS_CARTBOOST	Cart Boost	4	1	0	0	0	60000	0
389	ST_CHASEWALK	Stealth	4	5	1200	0	0	10000	30000
390	ST_REJECTSWORD	Counter Instinct	4	5	0	0	0	300000	0
392	CR_ALCHEMY	Alchemy	4	1					
393	CR_SYNTHESISPOTION	Potion Synthesis	4	1					
394	CG_ARROWVULCAN	Vulcan Arrow	1	10	2000:2200:2400:2600:2800:3000:3200:3400:3600:3800	2800:2800:2800:2800:2800:3000:3000:3000:3000:3000	2000	0	0
395	CG_MOONLIT	Sheltering Bliss	4	1	0	0	0	20000:25000:30000:35000:40000	0
396	CG_MARIONETTE	Marionette Control	16	1	0	0	0	300000	0
397	LK_SPIRALPIERCE	Spiral Pierce	1	5	300:500:700:900:1000	1200:1400:1600:1800:2000	0	0	1000
398	LK_HEADCRUSH	Traumatic Blow	1	5	0	500	0	0	120000
399	LK_JOINTBEAT	Vital Strike	1	10	0	800:800:800:800:800:1000:1000:1000:1000:1000	0	0	30000
400	HW_NAPALMVULCAN	Napalm Vulcan	1	5	1700	1000	0	0	45000
401	CH_SOULCOLLECT	Zen	4	1	2000	0	0	600000	0
402	PF_MINDBREAKER	Mind Breaker	1	5	0	800:900:1000:1100:1200	0	30000	0
403	PF_MEMORIZE	Foresight	4	1	5000	0	0	0	0
404	PF_FOGWALL	Blinding Mist	2	5	0	0	0	20000	10000
405	PF_SPIDERWEB	Fiber Lock	1	1	0	0	0	30000	8000
406	ASC_METEORASSAULT	Meteor Assault	4	10	500	500	0	0	10000:5000:120000
407	ASC_CDP	Create Deadly Poison	4	1	0	500	0	0	0
408	WE_BABY	Baby	4	1	3000	0	0	300000	0
409	WE_CALLPARENT	Call Parent	4	1	0	0	0	20000	0
410	WE_CALLBABY	Call Baby	4	1	0	0	0	20000	0
411	TK_RUN	Running	4	10	6000:5000:4000:3000:2000:1000:0:0:0:0	0	0	1000	150000
412	TK_READYSTORM	Tornado Stance	4	1					
413	TK_STORMKICK	Tornado Kick	4	7					
414	TK_READYDOWN	Heel Drop Stance	4	1					
415	TK_DOWNKICK	Heel Drop	4	7	0	0	0	0	3000
416	TK_READYTURN	Roundhouse Stance	4	1					
417	TK_TURNKICK	Roundhouse Kick	4	7	0	0	0	0	2000
418	TK_READYCOUNTER	Counter Kick Stance	4	1					
419	TK_COUNTER	Counter Kick	4	7					
420	TK_DODGE	Tumbling	4	1					
421	TK_JUMPKICK	Flying Kick	4	7					
422	TK_HPTIME	Peaceful Break	0	10					
423	TK_SPTIME	Happy Break	0	10	0	0	0	1800000	0
424	TK_POWER	Kihop	0	5					
425	TK_SEVENWIND	Mild Wind	4	7	0	0	0	300000	0
426	TK_HIGHJUMP	Taekwon Jump	4	5	5000:4000:3000:2000:1000	0	0	0	0
427	SG_FEEL	Feeling the Sun, Moon and Stars	4	3	1000	0	0	0	0
428	SG_SUN_WARM	Warmth of the Sun	4	3	0	1000	0	10000:20000:60000	0
429	SG_MOON_WARM	Warmth of the Moon	4	3	0	1000	0	10000:20000:60000	0
430	SG_STAR_WARM	Warmth of the Stars	4	3	0	1000	0	10000:20000:60000	0
431	SG_SUN_COMFORT	Comfort of the Sun	4	4	0	1000	0	80000:160000:240000:320000	0
432	SG_MOON_COMFORT	Comfort of the Moon	4	4	0	1000	0	80000:160000:240000:320000	0
433	SG_STAR_COMFORT	Comfort of the Stars	4	4	0	1000	0	80000:160000:240000:320000	0
434	SG_HATE	Hatred of the Sun, Moon and Stars	1	3	1000	0	0	0	0
435	SG_SUN_ANGER	Anger of the Sun	0	3					
436	SG_MOON_ANGER	Anger of the Moon	0	3					
437	SG_STAR_ANGER	Anger of the Stars	0	3					
438	SG_SUN_BLESS	Blessing of the Sun	0	5					
439	SG_MOON_BLESS	Blessing of the Moon	0	5					
440	SG_STAR_BLESS	Blessing of the Stars	0	5					
441	SG_DEVIL	Demon of the Sun, Moon and Stars	0	10					
442	SG_FRIEND	Friend of the Sun, Moon and Stars	0	3	0	0	0	10000	0
443	SG_KNOWLEDGE	Knowledge of the Sun, Moon and Stars	0	10	0	0	0	600000	0
444	SG_FUSION	Union of the Sun, Moon and Stars	4	1	0	1000	0	600000	0
445	SL_ALCHEMIST	Spirit of the Alchemist	16	5	1000	500	0	150000:200000:250000:300000:350000	0
446	AM_BERSERKPITCHER	Aid Berserk Potion	16	1	0	500	0	0	0
447	SL_MONK	Spirit of the Monk	16	5	1000	500	0	150000:200000:250000:300000:350000	0
448	SL_STAR	Spirit of the Star Gladiator	16	5	1000	500	0	150000:200000:250000:300000:350000	0
449	SL_SAGE	Spirit of the Sage	16	5	1000	500	0	150000:200000:250000:300000:350000	0
450	SL_CRUSADER	Spirit of the Crusader	16	5	1000	500	0	150000:200000:250000:300000:350000	0
451	SL_SUPERNOVICE	Spirit of the Supernovice	16	5	1000	500	0	150000:200000:250000:300000:350000	0
452	SL_KNIGHT	Spirit of the Knight	16	5	1000	500	0	150000:200000:250000:300000:350000	0
453	SL_WIZARD	Spirit of the Wizard	16	5	1000	500	0	150000:200000:250000:300000:350000	0
454	SL_PRIEST	Spirit of the Priest	16	5	1000	500	0	150000:200000:250000:300000:350000	0
455	SL_BARDDANCER	Spirit of the Artist	16	5	1000	500	0	150000:200000:250000:300000:350000	0
456	SL_ROGUE	Spirit of the Rogue	16	5	1000	500	0	150000:200000:250000:300000:350000	0
457	SL_ASSASIN	Spirit of the Assasin	16	5	1000	500	0	150000:200000:250000:300000:350000	0
458	SL_BLACKSMITH	Spirit of the Blacksmith	16	5	1000	500	0	150000:200000:250000:300000:350000	0
459	BS_ADRENALINE2	Advanced Adrenaline Rush	4	1	0	0	0	150000	0
460	SL_HUNTER	Spirit of the Hunter	16	5	1000	500	0	150000:200000:250000:300000:350000	0
461	SL_SOULLINKER	Spirit of the Soul Linker	16	5	1000	500	0	150000:200000:250000:300000:350000	0
462	SL_KAIZEL	Kaizel	16	7	4500:4000:3500:3000:2500:2000:1500	0	0	1800000	2000
463	SL_KAAHI	Kaahi	16	7	0	500	0	1800000	500
464	SL_KAUPE	Kaupe	16	3	500	500	0	600000	0
465	SL_KAITE	Kaite	16	7	6000:5500:5000:4500:4000:3500:3000	0	0	60000:120000:180000:240000:300000:360000:600000	0
466	SL_KAINA	Kaina	0	7					
467	SL_STIN	Estin	1	7	100	500	0	0	0
468	SL_STUN	Estun	1	7	100	500	0	2000	0
469	SL_SMA	Esma	1	10	2000	500	0	3000	0
470	SL_SWOO	Eswoo	1	7	1000	500	0	1000:2000:3000:4000:5000:6000:7000	0
471	SL_SKE	Eske	1	3	3000:2000:1000	500	0	10000:20000:30000	3000
472	SL_SKA	Eska	1	3	3000:2000:1000	500	0	10000:20000:30000	0
473	SM_SELFPROVOKE	Provoke Self	0	0					
474	NPC_EMOTION_ON	Emotion ON	4	10					
475	ST_PRESERVE	Preserve	4	1	1000	0	0	600000	0
476	ST_FULLSTRIP	Divest All	1	5	0	1000	0	75000:90000:105000:120000:135000	0
477	WS_WEAPONREFINE	Upgrade Weapon	4	10					
478	CR_SLIMPITCHER	Aid Condensed Potion	2	10	1000	1000	0	0	0
479	CR_FULLPROTECTION	Full Protection	16	5	2000	0	0	120000:240000:360000:480000:600000	0
480	PA_SHIELDCHAIN	Shield Chain	1	5	1000	1000	0	0	0
481	HP_MANARECHARGE	Mana Recharge	0	5					
482	PF_DOUBLECASTING	Double Casting	4	5	2000	0	0	90000	0
483	HW_GANBANTEIN	Ganbantein	2	1	3000	2000	0	0	0
484	HW_GRAVITATION	Gravitation Field	2	5	5000	2000	0	5000:6000:7000:8000:9000	0
485	WS_CARTTERMINATION	Cart Termination	1	10	0	0	0	0	5000
486	WS_OVERTHRUSTMAX	Maximum Power Thrust	4	5	0	0	0	180000	0
487	CG_LONGINGFREEDOM	Longing for Freedom	4	5	0	0	0	180000	0
488	CG_HERMODE	Wand of Hermode	4	5	0	0	0	10000:15000:20000:25000:30000	10000:15000:20000:25000:30000
489	CG_TAROTCARD	Tarot Card of Fate	1	5	1000	3000	0	0	30000
490	CR_ACIDDEMONSTRATION	Acid Demonstration	1	10	1000	1000	0	0	0
491	CR_CULTIVATION	Plant Cultivation	2	2					
492	ITEM_ENCHANTARMS	Weapon Enchantment	4	10	0	0	0	180000	0
493	TK_MISSION	Taekwon Mission	4	1	1000	0	0	0	0
494	SL_HIGH	Spirit of Rebirth	16	5	1000	500	0	150000:200000:250000:300000:350000	0
495	KN_ONEHAND	Onehand Quicken	4	1	0	0	0	300000	0
496	AM_TWILIGHT1	Twilight Alchemy 1	4	1	3000	10000	0	50	0
497	AM_TWILIGHT2	Twilight Alchemy 2	4	1	3000	10000	0	50	0
498	AM_TWILIGHT3	Twilight Alchemy 3	4	1	3000	10000	0	50	0
499	HT_POWER	Beast Strafing	4	1	0	0	0	100	0
500	GS_GLITTERING	Flip the Coin	4	5	0	0	0	600000	0
501	GS_FLING	Fling	1	1	0	0	0	30000	0
502	GS_TRIPLEACTION	Triple Action	1	1					
503	GS_BULLSEYE	Bulls Eye	1	1	500	0	0	0	0
504	GS_MADNESSCANCEL	Madness Canceller	4	1	3000	4000	0	15000	0
505	GS_ADJUSTMENT	AdJustment	4	1	1000	1000	0	30000	0
506	GS_INCREASING	Increasing Accuracy	4	1	0	1000	0	60000	0
507	GS_MAGICALBULLET	Magical Bullet	1	1					
508	GS_CRACKER	Cracker	1	1	0	1000	0	0	5000
509	GS_SINGLEACTION	Single Action	0	10					
510	GS_SNAKEEYE	Snake Eye	0	10					
511	GS_CHAINACTION	Chain Action	0	10					
512	GS_TRACKING	Tracking	1	10	1200:1400:1600:1800:2000:2200:2400:2600:2800:3000	0	0	0	0
513	GS_DISARM	Disarm	1	5	0	0	0	30000	0
514	GS_PIERCINGSHOT	Piercing Shot	1	5	1500	0	0	0	120000
515	GS_RAPIDSHOWER	Rapid Shower	1	10	0	1000	0	0	0
516	GS_DESPERADO	Desperado	4	10	0	1000	1000	1000	0
517	GS_GATLINGFEVER	Gatling Fever	4	10	0	0	0	30000:45000:60000:75000:90000:105000:120000:135000:150000:165000	0
518	GS_DUST	Dust	1	10	1000	1000	0	0	0
519	GS_FULLBUSTER	Full Buster	1	10	0	1200:1400:1600:1800:2000:2200:2400:2600:2800:3000	0	0	10000
520	GS_SPREADATTACK	Spread Attack	1	10					
521	GS_GROUNDDRIFT	Ground Drift	2	10	2000	0	0	3000:6000:9000:12000:15000:18000:21000:24000:27000:30000	10000
522	NJ_TOBIDOUGU	Shuriken Training	0	10					
523	NJ_SYURIKEN	Throw Shuriken	1	10					
524	NJ_KUNAI	Throw Kunai	1	5	0	1000	0	0	0
525	NJ_HUUMA	Throw Huuma Shuriken	1	5	3000	2000	0	0	0
526	NJ_ZENYNAGE	Throw Zeny	1	10	0	5000	0	0	0
527	NJ_TATAMIGAESHI	Improvised Defense	4	5	0	3000	0	3000	3000
528	NJ_KASUMIKIRI	Vanishing Slash	1	10	0	1000	0	30000:60000:90000:120000:150000:180000:210000:240000:270000:300000	0
529	NJ_SHADOWJUMP	Shadow Leap	2	5	0	1000	0	0	0
530	NJ_KIRIKAGE	Shadow Slash	1	5	0	0	0	0	0
531	NJ_UTSUSEMI	Cicada Skin Sheeding	4	5	0	1000	0	20000:30000:40000:50000:60000	0
532	NJ_BUNSINJYUTSU	Mirror Image	4	10	4000:3500:3000:2500:2000:1500:1000:1000:1000:1000	1000	0	60000:80000:100000:120000:140000:160000:180000:200000:220000:240000	0
533	NJ_NINPOU	Spirit of the Blade	0	10					
534	NJ_KOUENKA	Crimson Fire Petal	1	10	700:1400:2100:2800:3500:4200:4900:5600:6300:7000	0	0	0	0
535	NJ_KAENSIN	Crimson Fire Formation	4	10	6000:5500:5000:4500:4000:3500:3000:2500:2000:1500	1000	0	20000	0
536	NJ_BAKUENRYU	Raging Fire Dragon	1	5	3000	2000	0	0	0
537	NJ_HYOUSENSOU	Spear of Ice	1	10	700:1400:2100:2800:3500:4200:4900:5600:6300:7000	0	0	0	0
538	NJ_SUITON	Hidden Water	2	10	3000	0	0	15000:20000:25000:30000:35000:40000:45000:50000:55000:60000	15000:20000:25000:30000:35000:40000:45000:50000:55000:60000
539	NJ_HYOUSYOURAKU	Ice Meteor	4	5	2000:2500:3000:3500:4000	2000	0	0	10000:11000:12000:13000:14000:15000:16000:17000:18000:19000
540	NJ_HUUJIN	Wind Blade	1	10	1000:1500:2000:2500:3000:3500:4000:5000:5500:6000	1000	0	0	0
541	NJ_RAIGEKISAI	Lightning Strike of Destruction	4	5	4000	0	0	0	0
542	NJ_KAMAITACHI	Kamaitachi	1	5	4000	0	0	0	0
543	NJ_NEN	Soul	4	5	5000:4000:3000:2000:1000	0	0	30000:45000:60000:75000:90000	0
544	NJ_ISSEN	Final Strike	1	10					
653	NPC_EARTHQUAKE	Earthquake	4	10					
654	NPC_FIREBREATH	Fire Breath	1	10					
655	NPC_ICEBREATH	Ice Breath	1	10	0	0	0	0	30000
656	NPC_THUNDERBREATH	Thunder Breath	1	10					
657	NPC_ACIDBREATH	Acid Breath	1	10	0	0	0	0	30000
658	NPC_DARKNESSBREATH	Darkness Breath	1	10					
659	NPC_DRAGONFEAR	Dragon Fear	4	5	0	0	0	0	5000:30000:30000:30000
660	NPC_BLEEDING	Bleeding	1	5	0	0	0	0	30000
661	NPC_PULSESTRIKE	Pulse Strike	4	5					
662	NPC_HELLJUDGEMENT	Hell's Judgement	4	10	0	0	0	0	30000
663	NPC_WIDESILENCE	Wide Silence	4	5	0	0	0	0	30000
664	NPC_WIDEFREEZE	Wide Freeze	4	5	0	0	0	0	30000
665	NPC_WIDEBLEEDING	Wide Bleeding	4	5	0	0	0	0	30000
666	NPC_WIDESTONE	Wide Petrify	4	5	0	0	0	5000	30000
667	NPC_WIDECONFUSE	Wide Confusion	4	5	0	0	0	0	30000
668	NPC_WIDESLEEP	Wide Sleep	4	5	0	0	0	0	30000
669	NPC_WIDESIGHT	Wide Sight	4	1	0	0	0	10000	0
670	NPC_EVILLAND	Evil Land	2	10	0	0	0	30000	30000
671	NPC_MAGICMIRROR	Magic Mirror	4	5	0	0	0	30000	0
672	NPC_SLOWCAST	Slow Cast	4	5	0	0	0	0	30000
673	NPC_CRITICALWOUND	Critical Wounds	1	5	0	0	0	0	30000
674	NPC_EXPULSION	Expulsion	1	1					
675	NPC_STONESKIN	Stone Skin	4	5	0	0	0	30000	0
676	NPC_ANTIMAGIC	Anti Magic	4	5	0	0	0	30000	0
677	NPC_WIDECURSE	Wide Curse	4	5	0	0	0	0	30000
678	NPC_WIDESTUN	Wide Stun	4	5	0	0	0	0	5000
679	NPC_VAMPIRE_GIFT	Vampire Gift	4	10					
680	NPC_WIDESOULDRAIN	Wide Soul Drain	4	10					
681	ALL_INCCARRY	Increase Weight Limit R	0	10					
1001	KN_CHARGEATK	Charge Attack	1	1	300	300	0	0	0
1002	CR_SHRINK	Shrink	4	1	0	0	0	300000	0
1003	AS_SONICACCEL	Sonic Acceleration	0	1					
1004	AS_VENOMKNIFE	Throw Venom Knife	1	1	0	0	0	0	15000:20000:25000:30000:35000:40000:45000:50000:55000:60000
1005	RG_CLOSECONFINE	Close Confine	1	1	0	0	0	10000	0
1006	WZ_SIGHTBLASTER	Sight Blaster	4	1	2000	0	0	120000	0
1007	SA_CREATECON	Create Elemental Converter	4	10					
1008	SA_ELEMENTWATER	Elemental Change Water	1	1	2000	1000	0	1800000	0
1009	HT_PHANTASMIC	Phantasmic Arrow	1	1	0	0	0	0	0
1010	BA_PANGVOICE	Pang Voice	1	1	1000	2000	0	17000	0
1011	DC_WINKCHARM	Wink of Charm	1	1	1000	2000	0	10000	17000
1012	BS_UNFAIRLYTRICK	Unfair Trick	0	1					
1013	BS_GREED	Greed	4	1	0	1000	0	0	0
1014	PR_REDEMPTIO	Redemptio	4	1	4000	0	0	0	0
1015	MO_KITRANSLATION	Ki Translation	16	1	2000	1000	0	600000	0
1016	MO_BALKYOUNG	Ki Explosion	1	1	0	2000	0	0	2000
1017	SA_ELEMENTGROUND	Elemental Change Earth	1	1	2000	1000	0	1800000	0
1018	SA_ELEMENTFIRE	Elemental Change Fire	1	1	2000	1000	0	1800000	0
1019	SA_ELEMENTWIND	Elemental Change Wind	1	1	2000	1000	0	1800000	0
1095	ALL_BUYING_STORE	Open Buying Store	4	1					
8001			4	5	0	2000	0	0	0
8002			4	5	0	35000	0	40000:35000:30000:25000:20000	0
8003			0	5					
8004			4	3	0	600000:900000:1200000	0	60000:120000:180000	0
8005			4	5	0	0	0	0	60000:70000:80000:90000:129000
8006			4	5	0	0	0	40000:35000:30000:25000:20000	0
8007			0	5					
8008			4	3	0	0	0	60000:180000:300000	300000:600000:900000
8009			1	5	0	0	1000	0	0
8010			4	5	0	0	0	60000:55000:50000:45000:40000	60000:70000:80000:90000:120000
8011			4	5	0	0	0	60000:55000:50000:45000:40000	60000:70000:80000:90000:120000
8012			1	3					
8013			1	5	0	1000:1200:1400:1600:1800	0	0	0
8014			4	5	0	1000	1000	0	0
8015			0	5					
8016			4	3	0	0	1000	0	0
8201	MS_BASH	Bash	1	10					
8202	MS_MAGNUM	Magnum_Break	4	10	0	0	0	2000	10000
8203	MS_BOWLINGBASH	Bowling_Bash	1	10	700	0	0	0	0
8204	MS_PARRYING	Parry	4	10	0	0	0	15000:20000:25000:30000:35000:40000:45000:50000:55000:60000	0
8205	MS_REFLECTSHIELD	Shield_Reflect	4	10	0	0	0	300000	0
8206	MS_BERSERK	Frenzy	4	1	0	0	0	300000	15000
8207	MA_DOUBLE	Double_Strafe	1	10	0	0	0	100	0
8208	MA_SHOWER	Arrow_Shower	2	10	0	0	0	100	0
8209	MA_SKIDTRAP	Skid_Trap	2	5	0	0	0	300000:240000:180000:120000:60000	0
8210	MA_LANDMINE	Land_Mine	2	5	0	0	0	200000:160000:120000:80000:40000	5000
8211	MA_SANDMAN	Sandman	2	5	0	0	0	150000:120000:90000:60000:30000	12000:14000:16000:18000:20000
8212	MA_FREEZINGTRAP	Freezing_Trap	2	5	0	0	0	150000:120000:90000:60000:30000	3000:6000:9000:12000:15000
8213	MA_REMOVETRAP	Remove_Trap	32	1					
8214	MA_CHARGEARROW	Arrow_Repel	1	1	1500	0	0	0	0
8215	MA_SHARPSHOOTING	Focused_Arrow_Strike	1	5	2000	1500	0	0	0
8216	ML_PIERCE	Pierce	1	10					
8217	ML_BRANDISH	Brandish_Spear	1	10	700	0	0	0	0
8218	ML_SPIRALPIERCE	Spiral_Pierce	1	5	300:500:700:900:1000	1200:1400:1600:1800:2000	0	0	1000
8219	ML_DEFENDER	Defending_Aura	4	5	0	800	0	180000	0
8220	ML_AUTOGUARD	Guard	4	10	0	0	0	300000	0
8221	ML_DEVOTION	Sacrifice	16	5	3000	0	0	0	30000:45000:60000:75000:90000
8222	MER_MAGNIFICAT	Magnificat	4	5	4000	2000	0	30000:45000:60000:75000:90000	0
8223	MER_QUICKEN	Two-Hand_Quicken	4	10	0	0	0	30000:60000:90000:120000:150000:180000:210000:240000:270000:300000	0
8224	MER_SIGHT	Sight	4	1	0	0	0	10000	0
8225	MER_CRASH	Crash	1	5	1000	2000	0	0	5000
8226	MER_REGAIN	Regain	16	1					
8227	MER_TENDER	Tender	16	1					
8228	MER_BENEDICTION	Benediction	16	1					
8229	MER_RECUPERATE	Recuperate	16	1					
8230	MER_MENTALCURE	Mental_Cure	16	1					
8231	MER_COMPRESS	Compress	16	1					
8232	MER_PROVOKE	Provoke	1	10	0	0	0	30000	0
8233	MER_AUTOBERSERK	Berserk	4	1					
8234	MER_DECAGI	Decrease_AGI	1	10	1000	1000	0	40000:50000:60000:70000:80000:90000:100000:110000:120000:130000	0
8235	MER_SCAPEGOAT	Scapegoat	4	1	3000	0	0	0	0
8236	MER_LEXDIVINA	Lex_Divina	1	10	0	3000	0	30000:35000:40000:45000:50000:60000:60000:60000:60000:60000	0
8237	MER_ESTIMATION	Sense	1	1					
8238	MER_KYRIE	Kyrie Eleison	16	10	2000	2000	0	120000	0
8239	MER_BLESSING	Blessing	16	10	0	0	0	60000:80000:100000:120000:140000:160000:180000:200000:220000:240000	0
8240	MER_INCAGI	Increase Agility	16	10	1000	1000	0	60000:80000:100000:120000:140000:160000:180000:200000:220000:240000	0
10000			0	1					
10001			0	1					
10002			0	1					
10003			0	1					
10004			0	10					
10005			0	1					
10006			0	1	0	0	0	300000	0
10007			0	1	0	0	0	300000	0
10008			0	1	0	0	0	300000	0
10009			0	1	0	0	0	300000	0
10010			4	1	0	0	0	60000	300000
10011			4	3	0	0	0	60000	300000
10012			4	1	10000	0	0	0	300000
10013			4	1	5000	0	0	0	300000
10014			0	1					
