skillId	SKID	name	target	castMs	actDelayMs	dur1Ms	effectFn	effectId	textures	castWav	geometry_anchor	clientEffectMs
5	SM_BASH	Bash	1	-	-	-	FUN_005c7c70	0x10	alpha_down.tga + alpha_center.tga	EF_Bash	impact flash + 20 sparks, caster	40
6	SM_PROVOKE	Provoke	1	0	0	30000	FUN_005d7d30	0x43	(none)	swordman\provoke	sound-only (f5,f30), torso	999
7	SM_MAGNUM	Magnum Break	4	0	0	2000	FUN_005c8040	0x11	ring_yellow.tga + 대폭발.tga	EF_MagnumBreak	2 shockwave rings + explosion, ground	30
8	SM_ENDURE	Endure	4	0	0	10000	FUN_005ca2b0	-	endure.tga (aura) + alpha_down.tga (motes)	EF_Endure	caster: shield glow + converging blue motes	(ext .str)
11	MG_NAPALMBEAT	Napalm Beat	1	1000	1000	0	FUN_005cc300	0x20	numbered 8-frame (DAT_006dc45c)	EF_NapalmBeat	violet motes scatter, ground pt	100
12	MG_SAFETYWALL	Safety Wall	2	4000	0	5000	FUN_005c6730	-	ring_blue.tga	EF_GlassWall	paired ground panels at cell	(ext .str)
13	MG_SOULSTRIKE	Soul Strike	1	500	1200	0	FUN_005c7920	0xf	soul .spr (DAT_006dbf2c)	EF_SoulStrike	billboard souls → target (per-lvl count, 1 per 11f)	100
14	MG_COLDBOLT	Cold Bolt	1	700	1000	0	FUN_005cae20	0x1a	icearrow.tga + ring_blue.tga	EF_IceArrow_%d	falling shards → target + blue hit-ring	160
15	MG_FROSTDIVER	Frost Diver	1	800	1500	0	FUN_005d3cf0/FUN_005cb720	0x1c	stone.bmp (travel) / ice.tga (8 crystals)	EF_FrostDiver / EF_FrostDiver2	shard travel + 8-crystal shatter on target	100
16	MG_STONECURSE	Stone Curse	1	1000	0	5000	FUN_005d3840	-	alpha_center.tga	EF_StoneCurse	grey-tint target + center flash	(ext .str)
17	MG_FIREBALL	Fire Ball	1	1500	1500	0	FUN_005cab90	0x18	(orange fireball blob)	EF_FireBall	billboard projectile	100
18	MG_FIREWALL	Fire Wall	2	2000	0	5000	FUN_005da5b0	0x2e	ring_black.tga + 4 fire streams (eid 0x13b)	EF_FireWall	flat ground quad row	180
19	MG_FIREBOLT	Fire Bolt	1	700	1000	0	FUN_005cab90	0x18	(orange fireball blob)	EF_FireBall	billboard projectile caster→target	100
20	MG_LIGHTNINGBOLT	Lightning Bolt	1	700	1000	0	FUN_005d0f50	0x5d	thunder_center.bmp + thunder_ball_a..f.bmp	(reuse shockwavetrap)	planar 6-frame bolt → target	250
21	MG_THUNDERSTORM	Thunderstorm	2	1000	2000	500	FUN_005cba90	0x83	DAT_006dc368 .spr	EF_ThunderStorm	ground column, server dur	9999
24	AL_RUWACH	Ruwach	4	0	0	10000	FUN_005d96c0	-	(caster .spr)	ac_concentration	caster torso	(ext .str)
26	AL_TELEPORT	Teleport	4	0	0	0	FUN_005cc830	-	ring_blue.tga	EF_Teleportation	caster: blue flash ring	(ext .str)
27	AL_WARP	Warp Portal	2	1000	0	5000	FUN_005cc990 / FUN_006070f0	-	ring_blue.tga	EF_ReadyPortal / EF_Portal	open: expanding rings /14f; enter: vortex column	(ext .str)
28	AL_HEAL	Heal	16	0	1000	0	FUN_005c7360	-	alpha_down.tga (3 rings) + heal sparkle .spr	_heal_effect	target: 3 expanding rings + green sparkles	(ext .str)
29	AL_INCAGI	Increase AGI	16	1000	1000	60000	FUN_005cced0	-	agi_up.bmp (plume) + ac_center2.tga (sparks)	EF_IncAgility	target: rising glow plume + up-sparks	(ext .str)
30	AL_DECAGI	Decrease AGI	1	1000	1000	40000	FUN_005cd2b0	-	slow.bmp + ac_center2.tga (down)	EF_DecAgility	target: sinking glow + down-sparks	(ext .str)
31	AL_HOLYWATER	Aqua Benedicta	4	1000	500	0	FUN_005cd6a0	-	water-splash .spr (DAT_006dc4e0)	EF_Aqua	caster, one-shot	(ext .str)
33	AL_ANGELUS	Angelus	4	500	3500	30000	FUN_005d77a0	0x29	(halo .str)	EF_Angelus	torso	999
34	AL_BLESSING	Blessing	16	0	0	60000	FUN_005c6af0	-	alpha_down.tga (halo) + blue runes	EF_Blessing	target: halo ring + orbiting motes	(ext .str)
35	AL_CURE	Cure	16	0	1000	0	FUN_005d7c50	0x42	(.str)	Acolyte_cure	target torso	999
50	TF_STEAL	Steal	1	-	-	-	FUN_005c8400	-	sparkle (DAT_006dc110, type6)	EF_Steal	10 gold sparkle motes, caster	(ext .str)
52	TF_POISON	Envenom	1	0	0	0	FUN_005d7cc0	-	(.str)	thief\invenom	torso	(ext .str)
53	TF_DETOXIFY	Detoxify	16	-	-	-	FUN_005c8710	-	green motes (DAT_006dc060, type5)	EF_Detoxication	40 green cure motes, caster	(ext .str)
54	ALL_RESURRECTION	Resurrection	16	6000	0	0	FUN_005d7f40	0x4d	(light column .str)	priest\resurrection	target	999
60	KN_TWOHANDQUICKEN	Twohand Quicken	4	0	0	30000	FUN_005d9640	-	(none)	knight\twohandquicken	sound-only self-buff	(ext .str)
61	KN_AUTOCOUNTER	Counter Attack	4	0	0	400	FUN_005d93a0	-	(none)	knight\autocounter	sound-only stance	(ext .str)
66	PR_IMPOSITIO	Impositio Manus	16	0	3000	60000	FUN_005d85c0	0x54	(.str)	priest\impositio	torso, sound @ f60	999
67	PR_SUFFRAGIUM	Suffragium	16	0	2000	30000	FUN_005d8630	0x58	(.str)	priest\suffragium	torso	999
68	PR_ASPERSIO	Aspersio	16	0	2000	60000	FUN_005d88b0	0x56	holy sparkle (DAT_006dbf2c, type7)	priest\aspersio	~14 sparkle motes f65-135, sound f70	999
69	PR_BENEDICTIO	B.S. Sacramenti	2	0	0	40000	FUN_005d8ac0	0x5b	(.str)	priest\benedictio	torso	9999
70	PR_SANCTUARY	Sanctuary	2	5000	0	4000	FUN_005d8020	0x53	(ground .str)	priest\sanctuary	ground AoE, torso cue	999
72	PR_STRECOVERY	Status Recovery	16	0	2000	0	FUN_005d7fb0	0x4e	(.str)	priest\recovery	target	999
73	PR_KYRIE	Kyrie Eleison	16	2000	2000	120000	FUN_005d9200	0x70	(shield .str)	priest\kyrie_eleison_a/b	torso barrier, 2-stage sound f0/f15	999
74	PR_MAGNIFICAT	Magnificat	4	4000	2000	30000	FUN_005d7ed0	0x4c	(.str)	priest\magnificat	torso	999
75	PR_GLORIA	Gloria	4	0	2000	10000	FUN_005d7e60	0x4b	(.str)	priest\gloria	torso	999
76	PR_LEXDIVINA	Lex Divina	1	0	3000	30000	FUN_005d86a0	0x57	(.str)	priest\lexdivina	target, 5 tolls f0/20/35/60/70	999
77	PR_TURNUNDEAD	Turn Undead	1	1000	3000	0	None	-	(.str)		data-driven	(ext .str)
78	PR_LEXAETERNA	Lex Aeterna	1	0	3000	600000	FUN_005d8840	0x55	(.str)	priest\lexaeterna	target, sound @ f15	999
79	PR_MAGNUS	Magnus Exorcismus	2	15000	4000	5000	FUN_005d92c0	0x71	(ground .str)	priest\magnus	ground AoE	9999
80	WZ_FIREPILLAR	Fire Pillar	2	3000	1000	30000	FUN_005d8c40/FUN_005d8cb0	-	(flame column .str)	fire_pillar_a/b	set(f75) + trigger(f0), shake	(ext .str)
81	WZ_SIGHTRASHER	Sightrasher	4	700	2000	500	FUN_005ce790	-	DAT_006dc2a4 + Shadow.spr + ring_yellow.tga	wizard\sightrasher	16 radial shards + ground ring	(ext .str)
83	WZ_METEOR	Meteor Storm	2	15000	2000	500	FUN_005d8bb0/FUN_005d8090	-	(meteor rocks .str) + blastmine	wizard\meteor / meteo	falling meteors, shake @ f40/50s, ground	(ext .str)
84	WZ_JUPITEL	Jupitel Thunder	1	2500	0	0	FUN_005d1480	-	thunder_pang.bmp + thunder_plazma_blast_a/b.bmp	(thunder)	thunder ball → target, ground plasma	(ext .str)
85	WZ_VERMILION	Lord of Vermilion	2	15000	5000	4000	FUN_005d1cb0	-	thunder_center.bmp + alpha_center.tga (20 strikes)	(thunder)	ground AoE, 20 random bolts, life 70	(ext .str)
86	WZ_WATERBALL	Water Ball	1	1000	0	0	FUN_005d2ff0/FUN_005d31e0	-	water_out_a/b/c.bmp (splash) / DAT_006dc880 .spr (bolt)	waterball_chulung	splash ring + caster→target bolt	(ext .str)
87	WZ_ICEWALL	Ice Wall	2	0	0	5000	FUN_005cf710	-	ice.tga (3 shards, life 9999)	wizard\icewall	stacked persistent ground shards	(ext .str)
89	WZ_STORMGUST	Storm Gust	2	6000	5000	4600	FUN_005d82e0	-	ice.tga	wizard\stormgust	swirl ice-shard blizzard, 2 shards/29f, ground	(ext .str)
90	WZ_EARTHSPIKE	Earth Spike	1	1000	700	0	FUN_005cf9f0	-	stone.bmp / ice.tga	wizard\earthspike	1 center + 10 radial spikes	(ext .str)
91	WZ_HEAVENDRIVE	Heaven's Drive	2	1000	700	500	FUN_005d5010	-	stone.bmp (5x5=25 spikes)	wizard\earthspike	25-cell stone-spike grid, shake	(ext .str)
92	WZ_QUAGMIRE	Quagmire	2	0	1000	5000	FUN_005d8b30	-	(ground .str)	wizard\quagmire	sound-only + persistent .str	(ext .str)
108	BS_REPAIRWEAPON	Weapon Repair	16	7500	0	0	FUN_005d8d20	-	(none)	black_weapon_repair_a	sound-only (2 strikes f20/f55)	(ext .str)
111	BS_ADRENALINE	Adrenaline Rush	4	0	0	30000	FUN_005d1860	-	alpha_center.tga	black_adrenalinerush_a/b	20 sparks + 4-arm ring, caster, life 300	(ext .str)
112	BS_WEAPONPERFECT	Weapon Perfection	4	0	0	10000	FUN_005d8e70	-	(none)	black_weapon_perfection	sound-only	(ext .str)
113	BS_OVERTHRUST	Power-Thrust	4	0	0	20000	FUN_005d4850	-	alpha_center.tga	black_overthrust + EF_StoneCurse	1 aura, life 9999 (buff), caster	(ext .str)
114	BS_MAXIMIZE	Maximize Power	4	0	0	1000	FUN_005d8ee0	-	(none)	black_maximize_power_circle/sword	sound-only, torso	(ext .str)
115	HT_SKIDTRAP	Skid Trap	2	0	0	300000	FUN_005d7df0	-	(trap stock .spr)	hunter\skidtrap	torso billboard	(ext .str)
118	HT_SHOCKWAVE	Shockwave Trap	2	0	0	200000	FUN_005d0f50	-	thunder_center.bmp / twirl_soft.bmp + thunder_ball_a..f	hunter\shockwavetrap	flat ground swirl + 6-frame ball	(ext .str)
120	HT_FLASHER	Flasher	2	0	0	150000	FUN_005d1cb0	-	thunder_center.bmp + alpha_center.tga	hunter\flasher	central flash + 20 spark streaks, ground	(ext .str)
122	HT_BLASTMINE	Blast Mine	2	0	0	25000	FUN_005d9040	-	(stock)	hunter\blastmine	torso billboard	(ext .str)
129	HT_BLITZBEAT	Blitz Beat	1	1500	1000	0	FUN_005d2350	-	ac_center2.tga (debris) + magic_green.tga (per-hit)	hunter\blitzbeat	falcon dive: 10 motes + green ground burst/hit	(ext .str)
130	HT_DETECTING	Detect	2	-	-	-	FUN_005d35e0	-	fashasha.tga	hunter\detecting	expanding flat ground ripple ring	(ext .str)
135	AS_CLOAKING	Cloaking	4	0	0	500	FUN_005d37d0	-	(white fade)	cloaking	50f white fade, caster	(ext .str)
136	AS_SONICBLOW	Sonic Blow	1	0	2000	0	FUN_005d3a10	-	magic_red.tga	assasin\sonicblow	12 red slash motes, caster	(ext .str)
138	AS_ENCHANTPOISON	Enchant Poison	16	0	0	30000	FUN_005d43b0	-	green poison motes (DAT_006dc950, type5)	enchantpoison	40 rising green motes/5f, caster	(ext .str)
211	RG_STEALCOIN	Mug	1	-	-	-	FUN_005bd3d0 (case 0x112)	0x112	coin_a.bmp	rog_steal_coin	30 coin sprites fountain, caster feet	300
212	RG_BACKSTAP	Back Stab	1	0	500	0	FUN_005bd3d0 (case 0x113)	0x113	thunder_center.bmp	rog_back_stap	white flash burst, sound @ f20, target	300
219	RG_INTIMIDATE	Snatch	1	-	-	-	FUN_005bd3d0 (case 0xe3)	0xe3	white01.bmp	EF_Bash + rog_intimidate	20 white ground streaks, caster feet	999
251	CR_SHIELDBOOMERANG	Shield Boomerang	1	0	700	0	FUN_005e1b60	0x3	shield_boomerang.bmp / 토마.bmp	cru\shield_boomerang	spinning shield caster→target	50
253	CR_HOLYCROSS	Holy Cross	1	0	0	0	None	0xf5	(.str)	cru\holy_cross	data-driven	499
254	CR_GRANDCROSS	Grand Cross	4	2000	1500	900	FUN_005feeb0	0xe2	ring_white/black + cross_old.bmp + explosive_1_128.bmp + alpha_center.tga	cru\grand_cross	4 crosses N/E/S/W + beams + blast + flash, ground	999
271	MO_EXTREMITYFIST	Asura Strike	1	4000	3000	0	FUN_005db010	0x148	ring_white.tga (2 circles) + asura1..16.tga	apocalips_attack + EF_BeginSpell	16-tile Asura wall sheets, upright additive, param mirror; life ~350	1000
276	SA_MAGICROD	Magic Rod	4	0	0	400	FUN_0060f330	-	(none)	sage_magic_rod	sound + position lock only	(ext .str)
379	ASC_BREAKER	Soul Destroyer	1	700	1000	0	FUN_005db750	-	soul_s/o/u/l + soul_k/n/i/l.tga	(soul breaker)	2 upright glyph-strip sheets streaking to target	(ext .str)
9999	AL_SIGNUMCRUCIS	AL_SIGNUMCRUCIS	?	-	-	-	FUN_005d7810	0x28	alpha_down.tga (column) + alpha_center.tga (14 motes)	EF_Signum + EF_Bash	caster, fires @ f30	999
9999	SA_INCREASEAGI	SA_INCREASEAGI	?	-	-	-	FUN_005c6f80	-	dex_agi_up.bmp + ac_center2.tga	EF_IncAgiDex	target: rising plume	(ext .str)
9999	AS_VENOMSPLASHER	AS_VENOMSPLASHER	?	-	-	-	FUN_005d9480	0x81	VenomSplasher.str	venomsplasher	.str, sound @ f10, torso	9999
9999	PR_KYRIE_GUARD	PR_KYRIE_GUARD	?	-	-	-	FUN_00603b30	0x24	guardK.tga + guardK2.tga	kyrie_guard	shield disc at target, 2-tex blend	100
